USE consultorio_adriana;

insert into paciente (paciente_dni, email, edad) values (55364346, 'jcheek0@bravesites.com', 44);
insert into paciente (paciente_dni, email, edad) values (20950419, 'tbastide1@wordpress.org', 90);
insert into paciente (paciente_dni, email, edad) values (61037388, 'dvorley2@soup.io', 54);
insert into paciente (paciente_dni, email, edad) values (15767164, 'gzanetello3@vkontakte.ru', 63);
insert into paciente (paciente_dni, email, edad) values (92403549, 'ldurnford4@ihg.com', 85);
insert into paciente (paciente_dni, email, edad) values (43583450, 'bpeacock5@canalblog.com', 47);
insert into paciente (paciente_dni, email, edad) values (79817942, 'twhitford6@sbwire.com', 22);
insert into paciente (paciente_dni, email, edad) values (27555702, 'lscarrisbrick7@addtoany.com', 65);
insert into paciente (paciente_dni, email, edad) values (60460873, 'sfrude8@goodreads.com', 63);
insert into paciente (paciente_dni, email, edad) values (37724902, 'sscrooby9@netscape.com', 53);
insert into paciente (paciente_dni, email, edad) values (71855260, 'verrola@issuu.com', 47);
insert into paciente (paciente_dni, email, edad) values (39854778, 'padriaensb@google.pl', 26);
insert into paciente (paciente_dni, email, edad) values (32876757, 'kridgewellc@google.co.uk', 97);
insert into paciente (paciente_dni, email, edad) values (34476609, 'meyreed@xrea.com', 62);
insert into paciente (paciente_dni, email, edad) values (42746804, 'kdebullione@eepurl.com', 81);
insert into paciente (paciente_dni, email, edad) values (77594215, 'mbewsheaf@microsoft.com', 45);
insert into paciente (paciente_dni, email, edad) values (41498810, 'glachezeg@mozilla.com', 86);
insert into paciente (paciente_dni, email, edad) values (78298066, 'aferrymanh@yelp.com', 35);
insert into paciente (paciente_dni, email, edad) values (33652922, 'mandreolettii@imageshack.us', 36);
insert into paciente (paciente_dni, email, edad) values (79993644, 'kcuerj@businesswire.com', 59);
insert into paciente (paciente_dni, email, edad) values (32043329, 'eolphertk@wordpress.org', 20);
insert into paciente (paciente_dni, email, edad) values (40693340, 'readsl@4shared.com', 90);
insert into paciente (paciente_dni, email, edad) values (46884829, 'fmasseom@prlog.org', 40);
insert into paciente (paciente_dni, email, edad) values (94387194, 'khaken@vinaora.com', 22);
insert into paciente (paciente_dni, email, edad) values (69589296, 'swerrito@constantcontact.com', 92);
insert into paciente (paciente_dni, email, edad) values (47719433, 'gcumberlidgep@dion.ne.jp', 24);
insert into paciente (paciente_dni, email, edad) values (83827924, 'lvitallq@livejournal.com', 67);
insert into paciente (paciente_dni, email, edad) values (54532719, 'sbonettr@alibaba.com', 30);
insert into paciente (paciente_dni, email, edad) values (67360219, 'rtrans@ihg.com', 30);
insert into paciente (paciente_dni, email, edad) values (41490971, 'rdautryt@yelp.com', 48);
insert into paciente (paciente_dni, email, edad) values (94103619, 'dboiseu@japanpost.jp', 32);
insert into paciente (paciente_dni, email, edad) values (77450150, 'mgallelliv@blogs.com', 76);
insert into paciente (paciente_dni, email, edad) values (11118291, 'yklimschakw@discuz.net', 89);
insert into paciente (paciente_dni, email, edad) values (75844565, 'mvandevliesx@cdbaby.com', 98);
insert into paciente (paciente_dni, email, edad) values (69703731, 'gduigany@tinypic.com', 61);
insert into paciente (paciente_dni, email, edad) values (95276483, 'btolworthiez@zdnet.com', 81);
insert into paciente (paciente_dni, email, edad) values (55307857, 'larlow10@etsy.com', 48);
insert into paciente (paciente_dni, email, edad) values (13963024, 'apipworth11@t.co', 83);
insert into paciente (paciente_dni, email, edad) values (81627328, 'rkilfether12@wikimedia.org', 20);
insert into paciente (paciente_dni, email, edad) values (87884570, 'hmulryan13@wired.com', 65);
insert into paciente (paciente_dni, email, edad) values (68243080, 'cskamell14@sun.com', 79);
insert into paciente (paciente_dni, email, edad) values (55206429, 'hhealings15@elegantthemes.com', 75);
insert into paciente (paciente_dni, email, edad) values (40448504, 'gmorehall16@trellian.com', 60);
insert into paciente (paciente_dni, email, edad) values (66214008, 'cpeirpoint17@cnbc.com', 55);
insert into paciente (paciente_dni, email, edad) values (64282074, 'kpywell18@nydailynews.com', 71);


INSERT INTO medico (medico_cuit, nombre, especialidad)
VALUES 
(23998877665,"adriana","cardiologia"),
(23498877663,"favaloro","cardiologia");


insert into obra_social (nombre, plan) values ('Toyota', 'Violet');
insert into obra_social (nombre, plan) values ('Plymouth', 'Yellow');
insert into obra_social (nombre, plan) values ('Citroën', 'Blue');
insert into obra_social (nombre, plan) values ('Hummer', 'Red');
insert into obra_social (nombre, plan) values ('Volkswagen', 'Green');
insert into obra_social (nombre, plan) values ('Mazda', 'Pink');
insert into obra_social (nombre, plan) values ('Mercedes-Benz', 'Crimson');
insert into obra_social (nombre, plan) values ('Mazda', 'Green');
insert into obra_social (nombre, plan) values ('GMC', 'Green');
insert into obra_social (nombre, plan) values ('Bentley', 'Blue');
insert into obra_social (nombre, plan) values ('Plymouth', 'Aquamarine');
insert into obra_social (nombre, plan) values ('BMW', 'Turquoise');
insert into obra_social (nombre, plan) values ('Ford', 'Purple');
insert into obra_social (nombre, plan) values ('Chrysler', 'Green');
insert into obra_social (nombre, plan) values ('Pontiac', 'Khaki');
insert into obra_social (nombre, plan) values ('GMC', 'Puce');
insert into obra_social (nombre, plan) values ('Oldsmobile', 'Goldenrod');
insert into obra_social (nombre, plan) values ('Saturn', 'Blue');
insert into obra_social (nombre, plan) values ('Mercury', 'Orange');
insert into obra_social (nombre, plan) values ('Infiniti', 'Teal');
insert into obra_social (nombre, plan) values ('Volvo', 'Fuscia');
insert into obra_social (nombre, plan) values ('BMW', 'Purple');
insert into obra_social (nombre, plan) values ('Volkswagen', 'Puce');
insert into obra_social (nombre, plan) values ('GMC', 'Goldenrod');
insert into obra_social (nombre, plan) values ('Kia', 'Orange');
insert into obra_social (nombre, plan) values ('Land Rover', 'Pink');
insert into obra_social (nombre, plan) values ('Lexus', 'Teal');
insert into obra_social (nombre, plan) values ('Land Rover', 'Violet');
insert into obra_social (nombre, plan) values ('Subaru', 'Mauv');
insert into obra_social (nombre, plan) values ('Ford', 'Red');
insert into obra_social (nombre, plan) values ('Suzuki', 'Teal');
insert into obra_social (nombre, plan) values ('Volkswagen', 'Mauv');
insert into obra_social (nombre, plan) values ('Porsche', 'Maroon');
insert into obra_social (nombre, plan) values ('Volvo', 'Pink');
insert into obra_social (nombre, plan) values ('Nissan', 'Fuscia');
insert into obra_social (nombre, plan) values ('Audi', 'Fuscia');
insert into obra_social (nombre, plan) values ('Toyota', 'Fuscia');
insert into obra_social (nombre, plan) values ('Dodge', 'Green');
insert into obra_social (nombre, plan) values ('Ford', 'Turquoise');




insert into link_paciente_medico (medico_cuit, paciente_dni, med_cabecera) values (23998877665, 20950419, true);
insert into link_paciente_medico (medico_cuit, paciente_dni, med_cabecera) values (23498877663, 61037388, false);
insert into link_paciente_medico (medico_cuit, paciente_dni, med_cabecera) values (23998877665, 92403549, false);
insert into link_paciente_medico (medico_cuit, paciente_dni, med_cabecera) values (23498877663, 27555702, false);
insert into link_paciente_medico (medico_cuit, paciente_dni, med_cabecera) values (23998877665, 55364346, true);
insert into link_paciente_medico (medico_cuit, paciente_dni, med_cabecera) values (23498877663, 20950419, false);
insert into link_paciente_medico (medico_cuit, paciente_dni, med_cabecera) values (23998877665, 79817942, false);
insert into link_paciente_medico (medico_cuit, paciente_dni, med_cabecera) values (23498877663, 27555702, false);
insert into link_paciente_medico (medico_cuit, paciente_dni, med_cabecera) values (23998877665, 92403549, false);
insert into link_paciente_medico (medico_cuit, paciente_dni, med_cabecera) values (23498877663, 79817942, false);
insert into link_paciente_medico (medico_cuit, paciente_dni, med_cabecera) values (23498877663, 61037388, true);
insert into link_paciente_medico (medico_cuit, paciente_dni, med_cabecera) values (23498877663, 61037388, true);
insert into link_paciente_medico (medico_cuit, paciente_dni, med_cabecera) values (23498877663, 15767164, true);
insert into link_paciente_medico (medico_cuit, paciente_dni, med_cabecera) values (23498877663, 55364346, true);
insert into link_paciente_medico (medico_cuit, paciente_dni, med_cabecera) values (23998877665, 27555702, false);



insert into facturacion (medico_cuit, paciente_dni, obra_social_id, precio, fecha) values (23998877665, 20950419, 19, 91708.19, '2023-08-08');
insert into facturacion (medico_cuit, paciente_dni, obra_social_id, precio, fecha) values (23498877663, 43583450, 14, 75665.53, '2024-03-17');
insert into facturacion (medico_cuit, paciente_dni, obra_social_id, precio, fecha) values (23998877665, 20950419, 29, 62075.29, '2023-05-22');
insert into facturacion (medico_cuit, paciente_dni, obra_social_id, precio, fecha) values (23998877665, 79817942, 29, 95720.27, '2024-03-13');
insert into facturacion (medico_cuit, paciente_dni, obra_social_id, precio, fecha) values (23998877665, 55364346, 28, 41702.01, '2024-03-05');
insert into facturacion (medico_cuit, paciente_dni, obra_social_id, precio, fecha) values (23998877665, 20950419, 27, 90177.86, '2023-11-08');
insert into facturacion (medico_cuit, paciente_dni, obra_social_id, precio, fecha) values (23498877663, 20950419, 24, 48525.98, '2023-07-21');
insert into facturacion (medico_cuit, paciente_dni, obra_social_id, precio, fecha) values (23998877665, 60460873, 1, 75287.88, '2023-10-12');
insert into facturacion (medico_cuit, paciente_dni, obra_social_id, precio, fecha) values (23998877665, 60460873, 12, 76830.91, '2024-03-23');
insert into facturacion (medico_cuit, paciente_dni, obra_social_id, precio, fecha) values (23498877663, 15767164, 4, 60826.57, '2024-03-29');
insert into facturacion (medico_cuit, paciente_dni, obra_social_id, precio, fecha) values (23498877663, 43583450, 32, 65416.14, '2023-05-31');
insert into facturacion (medico_cuit, paciente_dni, obra_social_id, precio, fecha) values (23498877663, 20950419, 21, 30142.65, '2024-04-20');
insert into facturacion (medico_cuit, paciente_dni, obra_social_id, precio, fecha) values (23998877665, 20950419, 37, 81309.64, '2024-02-09');
insert into facturacion (medico_cuit, paciente_dni, obra_social_id, precio, fecha) values (23498877663, 55364346, 8, 42199.73, '2023-09-16');
insert into facturacion (medico_cuit, paciente_dni, obra_social_id, precio, fecha) values (23498877663, 15767164, 16, 58150.04, '2024-02-15');
insert into facturacion (medico_cuit, paciente_dni, obra_social_id, precio, fecha) values (23998877665, 20950419, 8, 37455.98, '2024-04-25');
insert into facturacion (medico_cuit, paciente_dni, obra_social_id, precio, fecha) values (23498877663, 55364346, 28, 63022.69, '2023-10-20');
insert into facturacion (medico_cuit, paciente_dni, obra_social_id, precio, fecha) values (23498877663, 27555702, 34, 46234.68, '2024-05-17');
insert into facturacion (medico_cuit, paciente_dni, obra_social_id, precio, fecha) values (23498877663, 43583450, 19, 34854.6, '2024-05-18');
insert into facturacion (medico_cuit, paciente_dni, obra_social_id, precio, fecha) values (23498877663, 43583450, 25, 50399.22, '2023-06-21');
insert into facturacion (medico_cuit, paciente_dni, obra_social_id, precio, fecha) values (23998877665, 60460873, 5, 76214.14, '2023-11-04');
insert into facturacion (medico_cuit, paciente_dni, obra_social_id, precio, fecha) values (23498877663, 60460873, 36, 60566.8, '2023-11-11');
insert into facturacion (medico_cuit, paciente_dni, obra_social_id, precio, fecha) values (23498877663, 60460873, 9, 81178.23, '2024-03-10');
insert into facturacion (medico_cuit, paciente_dni, obra_social_id, precio, fecha) values (23998877665, 20950419, 19, 93838.99, '2023-09-13');
insert into facturacion (medico_cuit, paciente_dni, obra_social_id, precio, fecha) values (23498877663, 20950419, 8, 49892.12, '2023-08-30');
insert into facturacion (medico_cuit, paciente_dni, obra_social_id, precio, fecha) values (23498877663, 79817942, 31, 72682.1, '2023-07-19');
insert into facturacion (medico_cuit, paciente_dni, obra_social_id, precio, fecha) values (23498877663, 20950419, 23, 66460.38, '2023-12-30');
insert into facturacion (medico_cuit, paciente_dni, obra_social_id, precio, fecha) values (23998877665, 92403549, 25, 95940.97, '2024-05-10');
insert into facturacion (medico_cuit, paciente_dni, obra_social_id, precio, fecha) values (23998877665, 43583450, 15, 78722.23, '2024-03-04');
insert into facturacion (medico_cuit, paciente_dni, obra_social_id, precio, fecha) values (23498877663, 15767164, 15, 82800.77, '2023-07-12');